threshold,precision,recall
0.012173933703786674,0.18583333333333332,1.0
0.01385090901911662,0.1859883236030025,1.0
0.016066765324154925,0.18614357262103506,1.0
0.017734028836238643,0.18629908103592313,1.0
0.018106495070214078,0.18645484949832775,1.0
0.01914731443834905,0.18661087866108786,1.0
0.020039839905201258,0.18676716917922948,1.0
0.020235317355015908,0.18608549874266556,0.9955156950672646
0.02123338878962481,0.18624161073825504,0.9955156950672646
0.02219273223472519,0.18639798488664988,0.9955156950672646
0.022275994545323603,0.1865546218487395,0.9955156950672646
0.022663185935059355,0.18671152228763668,0.9955156950672646
0.023742137532367587,0.18686868686868688,0.9955156950672646
0.02387243077820364,0.18702611625947768,0.9955156950672646
0.02449157929783328,0.18718381112984822,0.9955156950672646
0.025089163494763155,0.18734177215189873,0.9955156950672646
0.02617352397684897,0.1875,0.9955156950672646
0.0264784010002451,0.18765849535080303,0.9955156950672646
0.02648261583035156,0.18781725888324874,0.9955156950672646
0.026795280936329022,0.18797629127857748,0.9955156950672646
0.027001392411732713,0.188135593220339,0.9955156950672646
0.027168505545534027,0.18829516539440203,0.9955156950672646
0.027766885662299443,0.18845500848896435,0.9955156950672646
0.027986719167842757,0.18861512319456245,0.9955156950672646
0.028355943803525626,0.18877551020408162,0.9955156950672646
0.028358573600343714,0.18893617021276596,0.9955156950672646
0.028359330820574496,0.1890971039182283,0.9955156950672646
0.02894313082262789,0.18925831202046037,0.9955156950672646
0.02901231609321171,0.189419795221843,0.9955156950672646
0.02938899121451045,0.18958155422715628,0.9955156950672646
0.02964091009338052,0.18974358974358974,0.9955156950672646
0.03047273033509606,0.1899059024807528,0.9955156950672646
0.03074834593385338,0.19006849315068494,0.9955156950672646
0.031010648153280806,0.19023136246786632,0.9955156950672646
0.03138303345731232,0.19039451114922812,0.9955156950672646
0.031653402630454464,0.1905579399141631,0.9955156950672646
0.032253409891262394,0.19072164948453607,0.9955156950672646
0.03301505602611072,0.19088564058469476,0.9955156950672646
0.033061773338745035,0.19104991394148021,0.9955156950672646
0.0334530375043212,0.19121447028423771,0.9955156950672646
0.03370461179818545,0.19137931034482758,0.9955156950672646
0.03372850702043106,0.1915444348576359,0.9955156950672646
0.03379215413086053,0.19170984455958548,0.9955156950672646
0.03381492341308621,0.19187554019014694,0.9955156950672646
0.03394049541882575,0.19204152249134948,0.9955156950672646
0.03419724857815895,0.19220779220779222,0.9955156950672646
0.03421265556288689,0.19150779896013864,0.9910313901345291
0.03429296326212923,0.191673894189072,0.9910313901345291
0.034905983899170094,0.1918402777777778,0.9910313901345291
0.03512319906856289,0.19200695047784536,0.9910313901345291
0.035147313511972915,0.19217391304347825,0.9910313901345291
0.036147868580601476,0.19234116623150566,0.9910313901345291
0.036228347661455836,0.19250871080139373,0.9910313901345291
0.0363755421561976,0.1926765475152572,0.9910313901345291
0.03678581825031232,0.19284467713787085,0.9910313901345291
0.037043784421463305,0.1930131004366812,0.9910313901345291
0.03794908803625647,0.19318181818181818,0.9910313901345291
0.03798885673823537,0.19335083114610674,0.9910313901345291
0.038173811476376635,0.19352014010507881,0.9910313901345291
0.03860140814308668,0.1936897458369851,0.9910313901345291
0.03868867993994514,0.193859649122807,0.9910313901345291
0.03873496524287538,0.19402985074626866,0.9910313901345291
0.03883705517415103,0.19420035149384884,0.9910313901345291
0.03904195417287902,0.1943711521547933,0.9910313901345291
0.039643276546985864,0.19454225352112675,0.9910313901345291
0.03968945801751706,0.1947136563876652,0.9910313901345291
0.039971324886769306,0.1948853615520282,0.9910313901345291
0.04001332617733505,0.19505736981465135,0.9910313901345291
0.04013699195996882,0.19434628975265017,0.9865470852017937
0.040302192151010496,0.19363395225464192,0.9820627802690582
0.040514829550908654,0.19380530973451326,0.9820627802690582
0.04053881971393045,0.19397697077059345,0.9820627802690582
0.04061350689491586,0.19414893617021275,0.9820627802690582
0.04111190394969373,0.19432120674356698,0.9820627802690582
0.04125674657169911,0.19449378330373002,0.9820627802690582
0.04130912097684024,0.19466666666666665,0.9820627802690582
0.04141091854921393,0.19483985765124556,0.9820627802690582
0.041666214665508065,0.195013357079252,0.9820627802690582
0.04174181297996188,0.19518716577540107,0.9820627802690582
0.041753605077434794,0.19536128456735058,0.9820627802690582
0.04183487578252661,0.19553571428571428,0.9820627802690582
0.04189550474572116,0.19571045576407506,0.9820627802690582
0.04189854050615259,0.19588550983899822,0.9820627802690582
0.04191831270094189,0.19606087735004477,0.9820627802690582
0.04210737202206443,0.19623655913978494,0.9820627802690582
0.042202898121348906,0.19641255605381167,0.9820627802690582
0.04246473410117716,0.19658886894075403,0.9820627802690582
0.04359757322662579,0.1967654986522911,0.9820627802690582
0.0439288587404939,0.19694244604316546,0.9820627802690582
0.04402087490389204,0.19711971197119713,0.9820627802690582
0.04426642986274649,0.1972972972972973,0.9820627802690582
0.04461860514675522,0.19747520288548243,0.9820627802690582
0.04501878979406961,0.1976534296028881,0.9820627802690582
0.045158031805636024,0.1978319783197832,0.9820627802690582
0.045214677275484616,0.1980108499095841,0.9820627802690582
0.045276868487863775,0.19819004524886877,0.9820627802690582
0.04581952798854982,0.1983695652173913,0.9820627802690582
0.04630597300760142,0.1985494106980961,0.9820627802690582
0.046432638059288295,0.1987295825771325,0.9820627802690582
0.04652794697391915,0.1989100817438692,0.9820627802690582
0.04672618992615539,0.1990909090909091,0.9820627802690582
0.04680215436460718,0.19927206551410373,0.9820627802690582
0.04715831724804647,0.1994535519125683,0.9820627802690582
0.04727919925242623,0.19963536918869645,0.9820627802690582
0.04758236994569429,0.19981751824817517,0.9820627802690582
0.047585144962937635,0.2,0.9820627802690582
0.047999397041293954,0.20018281535648993,0.9820627802690582
0.048449709880157,0.20036596523330283,0.9820627802690582
0.048452556821641506,0.20054945054945056,0.9820627802690582
0.04868626267851118,0.20073327222731438,0.9820627802690582
0.048739797733916845,0.2,0.9775784753363229
0.04888157761056988,0.20018365472910926,0.9775784753363229
0.048938632921560025,0.20036764705882354,0.9775784753363229
0.04896414389909654,0.20055197792088317,0.9775784753363229
0.04905323805865424,0.2007366482504604,0.9775784753363229
0.04915589087880765,0.20092165898617512,0.9775784753363229
0.04918219056949292,0.2011070110701107,0.9775784753363229
0.049273661665767146,0.2012927054478301,0.9775784753363229
0.0492975961747167,0.20147874306839186,0.9775784753363229
0.049357184084042674,0.20166512488436633,0.9775784753363229
0.04974416453694148,0.20185185185185187,0.9775784753363229
0.04989421425596196,0.20111214087117701,0.9730941704035875
0.05007445200861835,0.2012987012987013,0.9730941704035875
0.050145151848465554,0.20148560817084493,0.9730941704035875
0.05019322698619937,0.2016728624535316,0.9730941704035875
0.050803798729816434,0.20186046511627906,0.9730941704035875
0.05092244910087027,0.20204841713221602,0.9730941704035875
0.051144356656855836,0.2022367194780988,0.9730941704035875
0.05125153294931264,0.20242537313432835,0.9730941704035875
0.05138383428002346,0.20261437908496732,0.9730941704035875
0.05168209268966475,0.202803738317757,0.9730941704035875
0.05179022906358682,0.2029934518241347,0.9730941704035875
0.05200037329472433,0.20318352059925093,0.9730941704035875
0.05251058172256857,0.20337394564198688,0.9730941704035875
0.0525886164645902,0.20356472795497185,0.9730941704035875
0.05269198831479253,0.20375586854460093,0.9730941704035875
0.0528483205633464,0.20394736842105263,0.9730941704035875
0.052933570263866775,0.2041392285983067,0.9730941704035875
0.05295588031901279,0.20433145009416195,0.9730941704035875
0.05308887603993697,0.20452403393025448,0.9730941704035875
0.053107203868365246,0.2037735849056604,0.968609865470852
0.053419846953717466,0.20396600566572237,0.968609865470852
0.05345325481574982,0.20415879017013233,0.968609865470852
0.053734680275985006,0.2043519394512772,0.968609865470852
0.054079414630334964,0.20454545454545456,0.968609865470852
0.05426503130409858,0.204739336492891,0.968609865470852
0.05458146792539755,0.2049335863377609,0.968609865470852
0.054625845518903114,0.20512820512820512,0.968609865470852
0.055045790246625925,0.20532319391634982,0.968609865470852
0.05506272949482915,0.2055185537583254,0.968609865470852
0.055446160546600815,0.20476190476190476,0.9641255605381166
0.05569396178632872,0.2049571020019066,0.9641255605381166
0.05585411903693935,0.20515267175572519,0.9641255605381166
0.056000145975872766,0.20534861509073543,0.9641255605381166
0.05625598232963183,0.2055449330783939,0.9641255605381166
0.05627375888003101,0.20574162679425836,0.9641255605381166
0.05627675118302353,0.20593869731800765,0.9641255605381166
0.05631121725929609,0.20613614573346117,0.9641255605381166
0.0563373340923587,0.20633397312859886,0.9641255605381166
0.05637903398050584,0.20653218059558118,0.9641255605381166
0.056562383093038564,0.20673076923076922,0.9641255605381166
0.0566901011865527,0.20692974013474494,0.9641255605381166
0.05680600281455063,0.2071290944123314,0.9641255605381166
0.05699129472011619,0.2073288331726133,0.9641255605381166
0.05711411723901557,0.20752895752895753,0.9641255605381166
0.057126476576023065,0.20772946859903382,0.9641255605381166
0.05720276130684269,0.2079303675048356,0.9641255605381166
0.05721174785711824,0.20813165537270087,0.9641255605381166
0.05731512254238171,0.20833333333333334,0.9641255605381166
0.05753786271161098,0.20853540252182348,0.9641255605381166
0.05786725666950734,0.2087378640776699,0.9641255605381166
0.05799427605128192,0.20894071914480078,0.9641255605381166
0.05800870006961255,0.20914396887159534,0.9641255605381166
0.05820624568304012,0.20837390457643623,0.9596412556053812
0.058756028348089025,0.20760233918128654,0.9551569506726457
0.058859149253026585,0.20682926829268292,0.9506726457399103
0.05945096082250147,0.20703125,0.9506726457399103
0.059686333461469544,0.2072336265884653,0.9506726457399103
0.059936817775619815,0.20743639921722112,0.9506726457399103
0.05997051422357289,0.20763956904995104,0.9506726457399103
0.06005535633738791,0.20784313725490197,0.9506726457399103
0.060330526581409465,0.20804710500490678,0.9506726457399103
0.06046953491585878,0.2082514734774067,0.9506726457399103
0.060666060697075204,0.20845624385447395,0.9506726457399103
0.060732639515634276,0.20866141732283464,0.9506726457399103
0.06085220257460866,0.20886699507389161,0.9506726457399103
0.06110028001246275,0.20907297830374755,0.9506726457399103
0.061337714331700634,0.20927936821322804,0.9506726457399103
0.06172171339944632,0.20948616600790515,0.9506726457399103
0.062100846062630284,0.20969337289812068,0.9506726457399103
0.06219021414906622,0.2099009900990099,0.9506726457399103
0.06220413945562176,0.21010901883052527,0.9506726457399103
0.06237029324620606,0.20932539682539683,0.9461883408071748
0.06276082782808445,0.20854021847070506,0.9417040358744395
0.06292157763648276,0.20874751491053678,0.9417040358744395
0.06316626283043646,0.208955223880597,0.9417040358744395
0.06319341422669757,0.20916334661354583,0.9417040358744395
0.06347340873803686,0.20837487537387836,0.9372197309417041
0.06402409745976054,0.2085828343313373,0.9372197309417041
0.06402849199270541,0.2087912087912088,0.9372197309417041
0.06420029242650215,0.209,0.9372197309417041
0.06424380852653933,0.2082082082082082,0.9327354260089686
0.06425750851607884,0.20841683366733466,0.9327354260089686
0.06442735293254144,0.20762286860581744,0.9282511210762332
0.06449942691483583,0.20783132530120482,0.9282511210762332
0.0645256129708598,0.20804020100502513,0.9282511210762332
0.06470000404453148,0.20824949698189135,0.9282511210762332
0.06481970185846689,0.2084592145015106,0.9282511210762332
0.06547321125889005,0.20766129032258066,0.9237668161434978
0.06584825177199935,0.20787083753784055,0.9237668161434978
0.06598631363404976,0.2080808080808081,0.9237668161434978
0.06627377531236438,0.2082912032355915,0.9237668161434978
0.06630738848734483,0.20850202429149797,0.9237668161434978
0.0665368937652455,0.20871327254305977,0.9237668161434978
0.06669885405830832,0.20892494929006086,0.9237668161434978
0.06707604103653168,0.20913705583756345,0.9237668161434978
0.06765051979757682,0.20934959349593496,0.9237668161434978
0.06804488839606296,0.20956256358087488,0.9237668161434978
0.06838248700196885,0.20875763747454176,0.9192825112107623
0.06840459765240739,0.2089704383282365,0.9192825112107623
0.0685556643611268,0.20918367346938777,0.9192825112107623
0.06875463763106755,0.2093973442288049,0.9192825112107623
0.0689135006059034,0.20961145194274028,0.9192825112107623
0.0689256759998956,0.2098259979529171,0.9192825112107623
0.0690324245126616,0.21004098360655737,0.9192825112107623
0.06904555527784674,0.21025641025641026,0.9192825112107623
0.0695882615734486,0.2104722792607803,0.9192825112107623
0.06986604412583945,0.21068859198355602,0.9192825112107623
0.06993559580379483,0.2109053497942387,0.9192825112107623
0.07001227719438344,0.21112255406797117,0.9192825112107623
0.07005575888866439,0.211340206185567,0.9192825112107623
0.07044358295497201,0.21155830753353974,0.9192825112107623
0.07098924788193785,0.21177685950413222,0.9192825112107623
0.071518127169954,0.21199586349534644,0.9192825112107623
0.07188866313336642,0.2122153209109731,0.9192825112107623
0.07202970390413344,0.21243523316062177,0.9192825112107623
0.07231646166865241,0.21265560165975103,0.9192825112107623
0.07252176834339585,0.21287642782969884,0.9192825112107623
0.07255047583607405,0.2130977130977131,0.9192825112107623
0.07272135287547407,0.2133194588969823,0.9192825112107623
0.0730627361869385,0.21354166666666666,0.9192825112107623
0.07320998968257363,0.21376433785192908,0.9192825112107623
0.07323022665021023,0.2139874739039666,0.9192825112107623
0.073276370270783,0.2142110762800418,0.9192825112107623
0.07331720847317287,0.21443514644351463,0.9192825112107623
0.07357396834592463,0.21465968586387435,0.9192825112107623
0.07431103769977228,0.2138364779874214,0.9147982062780269
0.07471380373383926,0.21406086044071354,0.9147982062780269
0.074877278321181,0.21323529411764705,0.9103139013452914
0.07493355620253021,0.21345951629863302,0.9103139013452914
0.07508255873116894,0.21368421052631578,0.9103139013452914
0.07557529075377845,0.21390937829293993,0.9103139013452914
0.07563201891632965,0.2141350210970464,0.9103139013452914
0.0759581997119712,0.21436114044350582,0.9103139013452914
0.07606214496726176,0.21458773784355178,0.9103139013452914
0.07642704632995981,0.21481481481481482,0.9103139013452914
0.0767023731080788,0.21504237288135594,0.9103139013452914
0.07685301453750629,0.21527041357370094,0.9103139013452914
0.07712446863941105,0.21549893842887474,0.9103139013452914
0.07736097699694731,0.2157279489904357,0.9103139013452914
0.07761239787233305,0.21595744680851064,0.9103139013452914
0.07782260041019493,0.2161874334398296,0.9103139013452914
0.07783364341532827,0.21641791044776118,0.9103139013452914
0.07810304614775833,0.21664887940234792,0.9103139013452914
0.07817503465961105,0.2168803418803419,0.9103139013452914
0.07825257611591167,0.21711229946524063,0.9103139013452914
0.078350308183696,0.21734475374732334,0.9103139013452914
0.07842206487232534,0.21757770632368703,0.9103139013452914
0.07863564970560168,0.21781115879828325,0.9103139013452914
0.07865621840182982,0.21804511278195488,0.9103139013452914
0.07906308277094413,0.21827956989247313,0.9103139013452914
0.07907201073850517,0.2185145317545748,0.9103139013452914
0.07922475339966019,0.21875,0.9103139013452914
0.07930293431568654,0.21898597626752966,0.9103139013452914
0.07963579637098897,0.21922246220302377,0.9103139013452914
0.07977477725701651,0.21945945945945947,0.9103139013452914
0.07981757462255669,0.2196969696969697,0.9103139013452914
0.07994310654044275,0.2199349945828819,0.9103139013452914
0.07996839796108311,0.22017353579175705,0.9103139013452914
0.0801823103923453,0.22041259500542887,0.9103139013452914
0.08036083955710793,0.22065217391304348,0.9103139013452914
0.08039890671096685,0.22089227421109903,0.9103139013452914
0.08041623443487592,0.22113289760348584,0.9103139013452914
0.08054910868593526,0.22137404580152673,0.9103139013452914
0.08062473284286197,0.22161572052401746,0.9103139013452914
0.08071060395610573,0.22185792349726777,0.9103139013452914
0.08107744337947764,0.22210065645514224,0.9103139013452914
0.08116720729950667,0.22234392113910187,0.9103139013452914
0.08120648078864841,0.2225877192982456,0.9103139013452914
0.08127430360811348,0.22283205268935236,0.9103139013452914
0.08135290160130998,0.2230769230769231,0.9103139013452914
0.08149797232504082,0.22332233223322331,0.9103139013452914
0.0815923888393946,0.22356828193832598,0.9103139013452914
0.08178988814130554,0.22381477398015434,0.9103139013452914
0.0818788364749284,0.2240618101545254,0.9103139013452914
0.08207698396593734,0.22430939226519336,0.9103139013452914
0.08212361978450163,0.2245575221238938,0.9103139013452914
0.08230017447762555,0.2248062015503876,0.9103139013452914
0.08245674285584002,0.22505543237250555,0.9103139013452914
0.08263368952565289,0.2253052164261931,0.9103139013452914
0.08280081587672432,0.22444444444444445,0.905829596412556
0.08285967740392952,0.22469410456062291,0.905829596412556
0.08293406342452708,0.22494432071269488,0.905829596412556
0.08293967057744207,0.22519509476031216,0.905829596412556
0.08302667046382699,0.22544642857142858,0.905829596412556
0.0831246583805388,0.22569832402234638,0.905829596412556
0.08319451180080714,0.22595078299776286,0.905829596412556
0.08320139530808948,0.22620380739081747,0.905829596412556
0.0834322691118508,0.226457399103139,0.905829596412556
0.08347344429166312,0.22671156004489337,0.905829596412556
0.0836203834232816,0.22696629213483147,0.905829596412556
0.0837464157413521,0.22722159730033745,0.905829596412556
0.08375486095269435,0.22747747747747749,0.905829596412556
0.08390583549754373,0.2277339346110485,0.905829596412556
0.08422161997111008,0.22799097065462753,0.905829596412556
0.08430719985659973,0.22824858757062147,0.905829596412556
0.08454303555086011,0.22850678733031674,0.905829596412556
0.08474327046520111,0.2287655719139298,0.905829596412556
0.08485794229349226,0.2290249433106576,0.905829596412556
0.0850620516364845,0.2292849035187287,0.905829596412556
0.08509962007681117,0.22954545454545455,0.905829596412556
0.08533095615963547,0.229806598407281,0.905829596412556
0.08541071234367775,0.23006833712984054,0.905829596412556
0.08542734420725197,0.2291904218928164,0.9013452914798207
0.0854657841584136,0.22945205479452055,0.9013452914798207
0.08580255976465127,0.22857142857142856,0.8968609865470852
0.0859639487163428,0.2288329519450801,0.8968609865470852
0.0860338303222705,0.2290950744558992,0.8968609865470852
0.0860379941381535,0.22935779816513763,0.8968609865470852
0.08655304513128506,0.2296211251435132,0.8968609865470852
0.08656528404960424,0.22988505747126436,0.8968609865470852
0.08669944529742368,0.23014959723820483,0.8968609865470852
0.08694015575881975,0.2304147465437788,0.8968609865470852
0.08710449155516214,0.2306805074971165,0.8968609865470852
0.08712574912804501,0.23094688221709006,0.8968609865470852
0.08754822460457858,0.23121387283236994,0.8968609865470852
0.087909486070392,0.23032407407407407,0.8923766816143498
0.08809438652964185,0.23059096176129779,0.8923766816143498
0.0885584564432438,0.2308584686774942,0.8923766816143498
0.08860237085558974,0.2311265969802555,0.8923766816143498
0.08889605533197267,0.2313953488372093,0.8923766816143498
0.08952667398480521,0.23050058207217694,0.8878923766816144
0.08957161940190986,0.23076923076923078,0.8878923766816144
0.08963275623244388,0.22987164527421236,0.8834080717488789
0.08967438392527025,0.22897196261682243,0.8789237668161435
0.0900447710554126,0.22923976608187135,0.8789237668161435
0.09112779596098519,0.22950819672131148,0.8789237668161435
0.09134329793201265,0.22977725674091443,0.8789237668161435
0.09143612397551769,0.22887323943661972,0.874439461883408
0.09209452235073531,0.2291421856639248,0.874439461883408
0.0923598777538765,0.22941176470588234,0.874439461883408
0.09238801213625382,0.22968197879858657,0.874439461883408
0.09245274210470036,0.22995283018867924,0.874439461883408
0.0925891808618684,0.23022432113341204,0.874439461883408
0.09281889114800175,0.23049645390070922,0.874439461883408
0.09327552657981508,0.23076923076923078,0.874439461883408
0.09372474522404707,0.23104265402843602,0.874439461883408
0.09381914874851013,0.2313167259786477,0.874439461883408
0.0939605314499217,0.23159144893111638,0.874439461883408
0.09423518455277048,0.2318668252080856,0.874439461883408
0.09433052842370501,0.23214285714285715,0.874439461883408
0.09488047433391922,0.232419547079857,0.874439461883408
0.0950034119601421,0.23269689737470167,0.874439461883408
0.09510467465957874,0.23297491039426524,0.874439461883408
0.09548750154431979,0.2332535885167464,0.874439461883408
0.0955268108230621,0.23353293413173654,0.874439461883408
0.09561703194803663,0.23261390887290168,0.8699551569506726
0.09611287890346767,0.23289315726290516,0.8699551569506726
0.09628725344777425,0.23317307692307693,0.8699551569506726
0.09636269224655258,0.23345367027677497,0.8699551569506726
0.09653984205661977,0.23373493975903614,0.8699551569506726
0.09658568306676067,0.23401688781664656,0.8699551569506726
0.0966090727228996,0.23309178743961353,0.8654708520179372
0.09669903476950865,0.23337363966142685,0.8654708520179372
0.09687444734449563,0.23365617433414043,0.8654708520179372
0.09740115333475652,0.23393939393939395,0.8654708520179372
0.09776773146427203,0.2342233009708738,0.8654708520179372
0.09777371691026318,0.2345078979343864,0.8654708520179372
0.09777568603408437,0.23479318734793186,0.8654708520179372
0.09790982973709901,0.2350791717417783,0.8654708520179372
0.09796291375770169,0.23536585365853657,0.8654708520179372
0.09812139779901632,0.23443223443223443,0.8609865470852018
0.09818998410633593,0.23471882640586797,0.8609865470852018
0.09820278406325714,0.2350061199510404,0.8609865470852018
0.09824673683388623,0.23529411764705882,0.8609865470852018
0.09855475478883376,0.2343558282208589,0.8565022421524664
0.09897657351245409,0.23464373464373464,0.8565022421524664
0.09904236705302576,0.23493234932349324,0.8565022421524664
0.0993411420427465,0.23522167487684728,0.8565022421524664
0.09936141220863044,0.23551171393341552,0.8565022421524664
0.09964828424125083,0.23580246913580247,0.8565022421524664
0.09965782542216228,0.23485784919653893,0.852017937219731
0.09978354247062746,0.23514851485148514,0.852017937219731
0.09991974956239219,0.23543990086741015,0.852017937219731
0.10002625199244324,0.23573200992555832,0.852017937219731
0.10008063286220321,0.2360248447204969,0.852017937219731
0.10009888874169438,0.236318407960199,0.852017937219731
0.10021308379886942,0.23661270236612703,0.852017937219731
0.1005889072912818,0.23690773067331672,0.852017937219731
0.10059935286305934,0.23720349563046192,0.852017937219731
0.10066058627465432,0.2375,0.852017937219731
0.1007330604488247,0.23779724655819776,0.852017937219731
0.10121592770480162,0.23684210526315788,0.8475336322869955
0.10143157693059486,0.2371392722710163,0.8475336322869955
0.10178149835677512,0.23743718592964824,0.8475336322869955
0.10192669751816778,0.23773584905660378,0.8475336322869955
0.10216203660814543,0.2380352644836272,0.8475336322869955
0.1031941064501892,0.23833543505674654,0.8475336322869955
0.10346370580085978,0.23737373737373738,0.8430493273542601
0.1036494057475209,0.23767383059418457,0.8430493273542601
0.10394802973546992,0.2379746835443038,0.8430493273542601
0.1040324336101394,0.23827629911280102,0.8430493273542601
0.10411316301847798,0.23857868020304568,0.8430493273542601
0.10415543461448053,0.2388818297331639,0.8430493273542601
0.1043449403472849,0.23918575063613232,0.8430493273542601
0.1050392503274261,0.2394904458598726,0.8430493273542601
0.10504107278773277,0.23979591836734693,0.8430493273542601
0.10504701707874284,0.24010217113665389,0.8430493273542601
0.10518396123600357,0.24040920716112532,0.8430493273542601
0.10534807591130307,0.23943661971830985,0.8385650224215246
0.10622543690792344,0.23974358974358975,0.8385650224215246
0.10624238042218674,0.24005134788189988,0.8385650224215246
0.10671608404994415,0.2403598971722365,0.8385650224215246
0.10672229528083137,0.24066924066924067,0.8385650224215246
0.10701834784875955,0.24097938144329897,0.8385650224215246
0.10708937917959208,0.24,0.8340807174887892
0.10737242117712165,0.24031007751937986,0.8340807174887892
0.10760491251523675,0.240620957309185,0.8340807174887892
0.10780126247753156,0.24093264248704663,0.8340807174887892
0.10783357940068194,0.24124513618677043,0.8340807174887892
0.10800021965472674,0.24155844155844156,0.8340807174887892
0.10807871889682744,0.24187256176853056,0.8340807174887892
0.10824040179098982,0.2421875,0.8340807174887892
0.10830250858148141,0.24119947848761408,0.8295964125560538
0.10867211349965031,0.24151436031331594,0.8295964125560538
0.10879962107848358,0.24183006535947713,0.8295964125560538
0.10890868286809614,0.24214659685863874,0.8295964125560538
0.10908713862486913,0.24246395806028834,0.8295964125560538
0.10921820314166457,0.24278215223097113,0.8295964125560538
0.1092429955809084,0.24310118265440211,0.8295964125560538
0.10943088169137981,0.24342105263157895,0.8295964125560538
0.10963616027708258,0.2437417654808959,0.8295964125560538
0.10989228051333694,0.24406332453825857,0.8295964125560538
0.11018051272600687,0.24438573315719947,0.8295964125560538
0.11022629601438572,0.2447089947089947,0.8295964125560538
0.11027103904757223,0.24503311258278146,0.8295964125560538
0.11091141703942146,0.2440318302387268,0.8251121076233184
0.11109086254035476,0.24435590969455512,0.8251121076233184
0.1111067195979168,0.24468085106382978,0.8251121076233184
0.1114392949381064,0.2436750998668442,0.820627802690583
0.11160426573358877,0.244,0.820627802690583
0.11199163091097092,0.24432576769025366,0.820627802690583
0.112209806860748,0.2446524064171123,0.820627802690583
0.112429505116255,0.24497991967871485,0.820627802690583
0.11254943253046643,0.2453083109919571,0.820627802690583
0.1127456060813599,0.2442953020134228,0.8161434977578476
0.1128800328344775,0.2446236559139785,0.8161434977578476
0.11321004009022494,0.2449528936742934,0.8161434977578476
0.11338823284130424,0.24528301886792453,0.8161434977578476
0.1134606066474189,0.24561403508771928,0.8161434977578476
0.11350220625518904,0.2445945945945946,0.8116591928251121
0.11363716447364287,0.2449255751014885,0.8116591928251121
0.11369082797252711,0.24525745257452575,0.8116591928251121
0.11378174539812591,0.24559023066485752,0.8116591928251121
0.1138039947234022,0.24592391304347827,0.8116591928251121
0.11381735945222808,0.24625850340136055,0.8116591928251121
0.114147803557979,0.24659400544959129,0.8116591928251121
0.11421012782460147,0.24693042291950887,0.8116591928251121
0.11425971874019351,0.24726775956284153,0.8116591928251121
0.11430383639864096,0.2476060191518468,0.8116591928251121
0.114681087810079,0.24794520547945206,0.8116591928251121
0.11476752222606096,0.24828532235939643,0.8116591928251121
0.11478698031720627,0.24862637362637363,0.8116591928251121
0.11563304017335216,0.24896836313617607,0.8116591928251121
0.11582984821922268,0.2493112947658402,0.8116591928251121
0.11605626666523375,0.2496551724137931,0.8116591928251121
0.11618426186981584,0.25,0.8116591928251121
0.11623822670260503,0.2503457814661134,0.8116591928251121
0.116278879682619,0.24930747922437674,0.8071748878923767
0.11628722833174629,0.24965325936199723,0.8071748878923767
0.11662931312213867,0.25,0.8071748878923767
0.11663833672752544,0.25034770514603616,0.8071748878923767
0.116758547880649,0.25069637883008355,0.8071748878923767
0.11697481316834064,0.2496513249651325,0.8026905829596412
0.1176358579138047,0.25,0.8026905829596412
0.11798677288168945,0.25034965034965034,0.8026905829596412
0.11836330842612613,0.2507002801120448,0.8026905829596412
0.11855818688400847,0.25105189340813466,0.8026905829596412
0.1185750372187153,0.25140449438202245,0.8026905829596412
0.11899342768786013,0.2517580872011252,0.8026905829596412
0.11907421190676239,0.252112676056338,0.8026905829596412
0.11912828285736991,0.2524682651622003,0.8026905829596412
0.1192421626892168,0.2528248587570621,0.8026905829596412
0.119483208304695,0.25176803394625175,0.7982062780269058
0.1198290490097913,0.2521246458923513,0.7982062780269058
0.11987544526615927,0.2524822695035461,0.7982062780269058
0.1204357247229314,0.2528409090909091,0.7982062780269058
0.12056900124179479,0.2532005689900427,0.7982062780269058
0.1210613379532019,0.2535612535612536,0.7982062780269058
0.12125531524109698,0.2524964336661912,0.7937219730941704
0.12149497382800152,0.25142857142857145,0.7892376681614349
0.12172201049282586,0.25178826895565093,0.7892376681614349
0.12217320632170502,0.2521489971346705,0.7892376681614349
0.12230575083503227,0.25251076040172166,0.7892376681614349
0.12240924746575062,0.25287356321839083,0.7892376681614349
0.12243946272114963,0.25323741007194245,0.7892376681614349
0.12251984367282087,0.25360230547550433,0.7892376681614349
0.12252384383318211,0.25396825396825395,0.7892376681614349
0.12342929165332364,0.2543352601156069,0.7892376681614349
0.12390308982992135,0.25470332850940663,0.7892376681614349
0.12390656358154414,0.25507246376811593,0.7892376681614349
0.12486945613689024,0.2539912917271408,0.7847533632286996
0.1252019261472554,0.2543604651162791,0.7847533632286996
0.1253383898410762,0.2547307132459971,0.7847533632286996
0.125340973817871,0.25510204081632654,0.7847533632286996
0.1259723368589147,0.25547445255474455,0.7847533632286996
0.12603548273055684,0.25584795321637427,0.7847533632286996
0.12633201001717376,0.2562225475841874,0.7847533632286996
0.12637890591723316,0.2565982404692082,0.7847533632286996
0.1266822706711231,0.2555066079295154,0.7802690582959642
0.1267278468330307,0.25588235294117645,0.7802690582959642
0.12695671559173952,0.25625920471281294,0.7802690582959642
0.12697811759562108,0.25663716814159293,0.7802690582959642
0.12704270580715224,0.2570162481536189,0.7802690582959642
0.12779653732508453,0.257396449704142,0.7802690582959642
0.12779770895719494,0.2577777777777778,0.7802690582959642
0.12797214906164986,0.258160237388724,0.7802690582959642
0.12818432232553426,0.2585438335809807,0.7802690582959642
0.1282642574197086,0.25892857142857145,0.7802690582959642
0.12838115231552452,0.2593144560357675,0.7802690582959642
0.12882965364313606,0.25970149253731345,0.7802690582959642
0.1290789272777002,0.2600896860986547,0.7802690582959642
0.12935382630481684,0.26047904191616766,0.7802690582959642
0.12996062364104777,0.2608695652173913,0.7802690582959642
0.1303312085241111,0.26126126126126126,0.7802690582959642
0.13064659291719216,0.26165413533834586,0.7802690582959642
0.13081865842141005,0.2605421686746988,0.7757847533632287
0.131157022354102,0.2594268476621418,0.7713004484304933
0.13171273372977563,0.2598187311178248,0.7713004484304933
0.13228380815577434,0.26021180030257185,0.7713004484304933
0.1323063171681051,0.2606060606060606,0.7713004484304933
0.13249312564434815,0.26100151745068284,0.7713004484304933
0.13254485425280602,0.2613981762917933,0.7713004484304933
0.13282751640429483,0.2617960426179604,0.7713004484304933
0.13315898877714819,0.2621951219512195,0.7713004484304933
0.13318497105601043,0.26259541984732826,0.7713004484304933
0.13320278068180202,0.26299694189602446,0.7713004484304933
0.1333695946099462,0.26339969372128635,0.7713004484304933
0.133590100067244,0.26380368098159507,0.7713004484304933
0.1337237974138877,0.2626728110599078,0.7668161434977578
0.13387944433156546,0.2630769230769231,0.7668161434977578
0.1338882956376303,0.26348228043143296,0.7668161434977578
0.1340270707682737,0.2638888888888889,0.7668161434977578
0.13413815392446682,0.2642967542503864,0.7668161434977578
0.13424691967187136,0.2647058823529412,0.7668161434977578
0.1343047921929724,0.2651162790697674,0.7668161434977578
0.13434412234606416,0.265527950310559,0.7668161434977578
0.13448780656090414,0.26594090202177295,0.7668161434977578
0.13485523067605745,0.26635514018691586,0.7668161434977578
0.13497327118663582,0.26521060842433697,0.7623318385650224
0.13522536336955562,0.2640625,0.757847533632287
0.13541439823129203,0.2644757433489828,0.757847533632287
0.1360742706928175,0.26489028213166144,0.757847533632287
0.13611647475713218,0.2653061224489796,0.757847533632287
0.13618444778530844,0.26572327044025157,0.757847533632287
0.13633422245128607,0.26614173228346455,0.757847533632287
0.13669461144022804,0.2665615141955836,0.757847533632287
0.1368102303325241,0.2669826224328594,0.757847533632287
0.13686079940697907,0.2674050632911392,0.757847533632287
0.13698130635982417,0.26782884310618066,0.757847533632287
0.13730934425937147,0.26825396825396824,0.757847533632287
0.13734311170748054,0.2686804451510334,0.757847533632287
0.1375047439835468,0.26910828025477707,0.757847533632287
0.13769120087425812,0.2679425837320574,0.7533632286995515
0.13807596369315428,0.26677316293929715,0.7488789237668162
0.13831749120325876,0.2672,0.7488789237668162
0.13853211166752705,0.2676282051282051,0.7488789237668162
0.13875857717395404,0.2680577849117175,0.7488789237668162
0.13895980298767457,0.2684887459807074,0.7488789237668162
0.13949725882490133,0.2689210950080515,0.7488789237668162
0.13956029334502457,0.267741935483871,0.7443946188340808
0.1399967375341697,0.2665589660743134,0.7399103139013453
0.14071705192643225,0.2669902912621359,0.7399103139013453
0.14107314079729572,0.26742301458670986,0.7399103139013453
0.14115842608756204,0.26785714285714285,0.7399103139013453
0.1412794054199916,0.2682926829268293,0.7399103139013453
0.1413225456568045,0.2687296416938111,0.7399103139013453
0.14178548581584577,0.26916802610114193,0.7399103139013453
0.14194403995844215,0.2696078431372549,0.7399103139013453
0.14210210140539115,0.2700490998363339,0.7399103139013453
0.14211743286753858,0.27049180327868855,0.7399103139013453
0.1424576176952873,0.26929392446633826,0.7354260089686099
0.14255798379439555,0.26973684210526316,0.7354260089686099
0.14259259894268944,0.2701812191103789,0.7354260089686099
0.143245751441046,0.2706270627062706,0.7354260089686099
0.14373909773369817,0.27107438016528923,0.7354260089686099
0.144290536536462,0.271523178807947,0.7354260089686099
0.14431886914723027,0.27197346600331673,0.7354260089686099
0.14463778812501102,0.2707641196013289,0.7309417040358744
0.1448785939403051,0.27121464226289516,0.7309417040358744
0.1451992802072095,0.27166666666666667,0.7309417040358744
0.1452139280835558,0.27212020033388984,0.7309417040358744
0.1456037434171087,0.2709030100334448,0.726457399103139
0.14576193175360305,0.271356783919598,0.726457399103139
0.14618880083635707,0.27181208053691275,0.726457399103139
0.14628830328507114,0.2722689075630252,0.726457399103139
0.14642618232059612,0.2727272727272727,0.726457399103139
0.1467520655979663,0.27318718381112983,0.726457399103139
0.14677648031020846,0.27364864864864863,0.726457399103139
0.14683532107804326,0.272419627749577,0.7219730941704036
0.14740556064850852,0.2711864406779661,0.7174887892376681
0.1474215643558461,0.27164685908319186,0.7174887892376681
0.14759854068365327,0.27040816326530615,0.7130044843049327
0.1478389808054081,0.2708688245315162,0.7130044843049327
0.14823942871032028,0.2713310580204778,0.7130044843049327
0.14888307489188723,0.2717948717948718,0.7130044843049327
0.14913110142146968,0.2705479452054795,0.7085201793721974
0.14991632024564966,0.27101200686106347,0.7085201793721974
0.15009953910218965,0.27147766323024053,0.7085201793721974
0.15049283178598827,0.270223752151463,0.7040358744394619
0.15049849101873056,0.2706896551724138,0.7040358744394619
0.15089926869317366,0.2711571675302245,0.7040358744394619
0.151636908595022,0.27162629757785467,0.7040358744394619
0.1517647083769964,0.2720970537261698,0.7040358744394619
0.15182553388349435,0.2725694444444444,0.7040358744394619
0.15186196115558442,0.27304347826086955,0.7040358744394619
0.1519300485063155,0.2735191637630662,0.7040358744394619
0.1522557217362266,0.27399650959860383,0.7040358744394619
0.15291837725372573,0.2744755244755245,0.7040358744394619
0.15311099762325303,0.2732049036777583,0.6995515695067265
0.1531610929018796,0.2736842105263158,0.6995515695067265
0.15317953842593646,0.2741652021089631,0.6995515695067265
0.15331355193899657,0.272887323943662,0.695067264573991
0.15345502473964617,0.27336860670194,0.695067264573991
0.15352867743936238,0.27385159010600707,0.695067264573991
0.15379941028375088,0.27256637168141595,0.6905829596412556
0.1538278197295013,0.2730496453900709,0.6905829596412556
0.15383129735299728,0.27353463587921845,0.6905829596412556
0.15422624890137246,0.27402135231316727,0.6905829596412556
0.15472843811098683,0.27450980392156865,0.6905829596412556
0.15503805790411423,0.275,0.6905829596412556
0.1553464445088015,0.27549194991055453,0.6905829596412556
0.1558244303111369,0.27598566308243727,0.6905829596412556
0.15595280085754237,0.2764811490125673,0.6905829596412556
0.156375626223027,0.27697841726618705,0.6905829596412556
0.15646603253455382,0.2756756756756757,0.6860986547085202
0.15655023144161126,0.27617328519855594,0.6860986547085202
0.15662557182925735,0.2766726943942134,0.6860986547085202
0.1566873122265458,0.2753623188405797,0.6816143497757847
0.156831725708591,0.27586206896551724,0.6816143497757847
0.15704228625149852,0.27636363636363637,0.6816143497757847
0.15710607666121282,0.2768670309653916,0.6816143497757847
0.15742442035587478,0.2773722627737226,0.6816143497757847
0.15774235130877917,0.2760511882998172,0.6771300448430493
0.15784827765283574,0.2765567765567766,0.6771300448430493
0.1578962934534958,0.27706422018348625,0.6771300448430493
0.158450160241039,0.2775735294117647,0.6771300448430493
0.15882940291315964,0.27624309392265195,0.672645739910314
0.15900608021760854,0.2767527675276753,0.672645739910314
0.15938274584752013,0.27726432532347506,0.672645739910314
0.1594122794447058,0.2759259259259259,0.6681614349775785
0.15946889904716666,0.2764378478664193,0.6681614349775785
0.1596840555458063,0.27695167286245354,0.6681614349775785
0.15979312774983548,0.2774674115456238,0.6681614349775785
0.1599118805707664,0.27798507462686567,0.6681614349775785
0.1601989659359785,0.27850467289719627,0.6681614349775785
0.160427504640535,0.27902621722846443,0.6681614349775785
0.16045102801836378,0.2795497185741088,0.6681614349775785
0.16047238022149332,0.2800751879699248,0.6681614349775785
0.16048008869015573,0.2787193973634652,0.6636771300448431
0.1605110439496897,0.2792452830188679,0.6636771300448431
0.16076549063454473,0.27977315689981097,0.6636771300448431
0.16077196513689837,0.2803030303030303,0.6636771300448431
0.16105967078989428,0.2808349146110057,0.6636771300448431
0.1611169121282902,0.2813688212927757,0.6636771300448431
0.1613526211383724,0.28,0.6591928251121076
0.16268030469739628,0.28053435114503816,0.6591928251121076
0.16297745363135183,0.28107074569789675,0.6591928251121076
0.16315742607732656,0.28160919540229884,0.6591928251121076
0.16328577246783674,0.2821497120921305,0.6591928251121076
0.16365687359740916,0.2826923076923077,0.6591928251121076
0.16390107783460528,0.2832369942196532,0.6591928251121076
0.1639479079159037,0.28378378378378377,0.6591928251121076
0.16438474914135637,0.28433268858800775,0.6591928251121076
0.16461799923318624,0.28488372093023256,0.6591928251121076
0.1649397743872148,0.283495145631068,0.6547085201793722
0.16517644040514393,0.2840466926070039,0.6547085201793722
0.16530553691394342,0.28460038986354774,0.6547085201793722
0.1657933473093889,0.28515625,0.6547085201793722
0.16612516436298885,0.2857142857142857,0.6547085201793722
0.16613667669870355,0.28627450980392155,0.6547085201793722
0.16616471456655166,0.28487229862475444,0.6502242152466368
0.1662683109073295,0.2854330708661417,0.6502242152466368
0.16634660578996885,0.2859960552268245,0.6502242152466368
0.1665639562324155,0.2865612648221344,0.6502242152466368
0.16701538815999756,0.2871287128712871,0.6502242152466368
0.16710671225491414,0.2876984126984127,0.6502242152466368
0.16896303248079433,0.2882703777335984,0.6502242152466368
0.16901507313451347,0.28884462151394424,0.6502242152466368
0.16921719377677163,0.2894211576846307,0.6502242152466368
0.16975848784541014,0.29,0.6502242152466368
0.16994033375380957,0.28857715430861725,0.6457399103139013
0.17047238814811558,0.28714859437751006,0.6412556053811659
0.17072627383712136,0.28772635814889336,0.6412556053811659
0.17079669928864588,0.28830645161290325,0.6412556053811659
0.17098959672934655,0.28888888888888886,0.6412556053811659
0.17136417212869232,0.2894736842105263,0.6412556053811659
0.17236198104372152,0.29006085192697767,0.6412556053811659
0.17237600231395891,0.29065040650406504,0.6412556053811659
0.17258771143496873,0.29124236252545826,0.6412556053811659
0.17354439474448083,0.2897959183673469,0.6367713004484304
0.17370194152492693,0.2903885480572597,0.6367713004484304
0.17383390684181985,0.2889344262295082,0.6322869955156951
0.17393710936640056,0.28952772073921973,0.6322869955156951
0.17399931045545058,0.29012345679012347,0.6322869955156951
0.17461760406357693,0.28865979381443296,0.6278026905829597
0.17493687409182704,0.2892561983471074,0.6278026905829597
0.1749997944181118,0.2898550724637681,0.6278026905829597
0.1750960073639649,0.29045643153526973,0.6278026905829597
0.1760512356191175,0.2910602910602911,0.6278026905829597
0.17611961373124016,0.2916666666666667,0.6278026905829597
0.1762088512465006,0.29227557411273486,0.6278026905829597
0.17626181769038585,0.2928870292887029,0.6278026905829597
0.17639646421098854,0.29350104821802936,0.6278026905829597
0.17650591094865004,0.2920168067226891,0.6233183856502242
0.17661071944938442,0.2905263157894737,0.6188340807174888
0.1771348567416208,0.2890295358649789,0.6143497757847534
0.1772036010456665,0.28964059196617337,0.6143497757847534
0.17720768056283018,0.2902542372881356,0.6143497757847534
0.17776655166758376,0.2908704883227176,0.6143497757847534
0.17779973263732135,0.29148936170212764,0.6143497757847534
0.177817404590396,0.2921108742004264,0.6143497757847534
0.17860142912665566,0.29273504273504275,0.6143497757847534
0.17901536666928364,0.29336188436830835,0.6143497757847534
0.17909764222931204,0.2939914163090129,0.6143497757847534
0.17921615149549358,0.2924731182795699,0.6098654708520179
0.17970472084860098,0.29310344827586204,0.6098654708520179
0.18025093933357633,0.2937365010799136,0.6098654708520179
0.18031313783183914,0.2922077922077922,0.6053811659192825
0.1803249103438414,0.2928416485900217,0.6053811659192825
0.18089567878809817,0.29347826086956524,0.6053811659192825
0.18104879467268714,0.29193899782135074,0.600896860986547
0.18134637825034008,0.2903930131004367,0.5964125560538116
0.1816306146478185,0.2910284463894967,0.5964125560538116
0.18265607819127008,0.2916666666666667,0.5964125560538116
0.18267031879856793,0.2923076923076923,0.5964125560538116
0.18356168546703353,0.29295154185022027,0.5964125560538116
0.18417538234060196,0.293598233995585,0.5964125560538116
0.1842067427560713,0.2942477876106195,0.5964125560538116
0.1842472620080368,0.29490022172949004,0.5964125560538116
0.18451259330521583,0.29333333333333333,0.5919282511210763
0.18459956347900472,0.29398663697104677,0.5919282511210763
0.1846679668405217,0.29464285714285715,0.5919282511210763
0.18541862661634134,0.2930648769574944,0.5874439461883408
0.1856282018227891,0.2937219730941704,0.5874439461883408
0.18596232484325823,0.2943820224719101,0.5874439461883408
0.1864062238968941,0.29504504504504503,0.5874439461883408
0.18652710993883578,0.29571106094808125,0.5874439461883408
0.186567257399186,0.29638009049773756,0.5874439461883408
0.18724473422307056,0.29705215419501135,0.5874439461883408
0.18730899114455013,0.29545454545454547,0.5829596412556054
0.18758464544132933,0.296127562642369,0.5829596412556054
0.18764232079095836,0.2968036529680365,0.5829596412556054
0.18881591726776348,0.2974828375286041,0.5829596412556054
0.1892270629341539,0.2981651376146789,0.5829596412556054
0.18952043894624013,0.2988505747126437,0.5829596412556054
0.18956659946293433,0.2995391705069124,0.5829596412556054
0.18965339130034908,0.2979214780600462,0.57847533632287
0.19126567575066392,0.2986111111111111,0.57847533632287
0.19201316352219577,0.29930394431554525,0.57847533632287
0.19249350304880591,0.3,0.57847533632287
0.19292883229973762,0.3006993006993007,0.57847533632287
0.19344066355452214,0.3014018691588785,0.57847533632287
0.19373764263899762,0.2997658079625293,0.5739910313901345
0.19398185571741755,0.3004694835680751,0.5739910313901345
0.19468657920833726,0.30117647058823527,0.5739910313901345
0.1949300595728192,0.3018867924528302,0.5739910313901345
0.19520153694057402,0.30260047281323876,0.5739910313901345
0.1955616401779739,0.3033175355450237,0.5739910313901345
0.19615335815951782,0.30403800475059384,0.5739910313901345
0.196411121341702,0.3047619047619048,0.5739910313901345
0.1965396795659832,0.3031026252983294,0.5695067264573991
0.19761309066356172,0.3038277511961722,0.5695067264573991
0.1977674691900072,0.30455635491606714,0.5695067264573991
0.1986983452678618,0.30528846153846156,0.5695067264573991
0.19889907656587918,0.3060240963855422,0.5695067264573991
0.2000728878887153,0.30434782608695654,0.5650224215246636
0.2008288174970914,0.3050847457627119,0.5650224215246636
0.2017973614472357,0.3058252427184466,0.5650224215246636
0.2018672773349589,0.30656934306569344,0.5650224215246636
0.2024695537682506,0.3048780487804878,0.5605381165919282
0.20281519078203009,0.30317848410757947,0.5560538116591929
0.20310758279777857,0.3014705882352941,0.5515695067264574
0.20384526583774926,0.3022113022113022,0.5515695067264574
0.20412229460058343,0.30295566502463056,0.5515695067264574
0.2043733029591316,0.3012345679012346,0.547085201793722
0.20479114475449525,0.30198019801980197,0.547085201793722
0.20539078224031834,0.3027295285359802,0.547085201793722
0.2056172172589197,0.3034825870646766,0.547085201793722
0.206252932505235,0.30174563591022446,0.5426008968609866
0.20625907417214392,0.3025,0.5426008968609866
0.2062612751902244,0.3032581453634085,0.5426008968609866
0.20636340670284378,0.30402010050251255,0.5426008968609866
0.206583850005421,0.3022670025188917,0.5381165919282511
0.20711312673953994,0.30303030303030304,0.5381165919282511
0.20733228552527214,0.3037974683544304,0.5381165919282511
0.20751167453199776,0.30456852791878175,0.5381165919282511
0.20847509655771432,0.3053435114503817,0.5381165919282511
0.20859979871313852,0.30612244897959184,0.5381165919282511
0.20888572831745145,0.3069053708439898,0.5381165919282511
0.20912585736536918,0.30512820512820515,0.5336322869955157
0.20946223088905058,0.3033419023136247,0.5291479820627802
0.21040772657344023,0.30412371134020616,0.5291479820627802
0.2114162402977537,0.3049095607235142,0.5291479820627802
0.21147791109917025,0.30310880829015546,0.5246636771300448
0.2116309072085915,0.3038961038961039,0.5246636771300448
0.21218359589443525,0.3046875,0.5246636771300448
0.2122656413759223,0.30548302872062666,0.5246636771300448
0.212466026350755,0.306282722513089,0.5246636771300448
0.2127386694745392,0.30708661417322836,0.5246636771300448
0.21379355694910243,0.3078947368421053,0.5246636771300448
0.21381631232788564,0.3087071240105541,0.5246636771300448
0.2152071143015919,0.30952380952380953,0.5246636771300448
0.21585899586237994,0.3076923076923077,0.5201793721973094
0.21625536135689424,0.30851063829787234,0.5201793721973094
0.21669622401599786,0.30933333333333335,0.5201793721973094
0.21707485926402123,0.31016042780748665,0.5201793721973094
0.21724502585466643,0.3109919571045576,0.5201793721973094
0.21760573175725664,0.3118279569892473,0.5201793721973094
0.21767667691020698,0.31266846361185985,0.5201793721973094
0.21864552153421177,0.31351351351351353,0.5201793721973094
0.21908987066280391,0.3143631436314363,0.5201793721973094
0.21948366482481785,0.31521739130434784,0.5201793721973094
0.21958812021195018,0.31607629427792916,0.5201793721973094
0.21962550225622118,0.31693989071038253,0.5201793721973094
0.21991412643297803,0.3178082191780822,0.5201793721973094
0.22010077024656374,0.31868131868131866,0.5201793721973094
0.22087017234145537,0.31955922865013775,0.5201793721973094
0.22118156713567694,0.32044198895027626,0.5201793721973094
0.22121702385336134,0.32132963988919666,0.5201793721973094
0.22130900523233496,0.32222222222222224,0.5201793721973094
0.22178624848013923,0.3203342618384401,0.515695067264574
0.2218354556780784,0.32122905027932963,0.515695067264574
0.22187813768120776,0.32212885154061627,0.515695067264574
0.22206856228275154,0.32303370786516855,0.515695067264574
0.22243959841700855,0.3211267605633803,0.5112107623318386
0.22544175362803476,0.3220338983050847,0.5112107623318386
0.22570238955203215,0.32294617563739375,0.5112107623318386
0.22602951922701903,0.3210227272727273,0.5067264573991032
0.22652173705562234,0.32193732193732194,0.5067264573991032
0.22699142703866312,0.32285714285714284,0.5067264573991032
0.22750742972211196,0.3237822349570201,0.5067264573991032
0.2275390777415398,0.32471264367816094,0.5067264573991032
0.22775815109870268,0.3256484149855908,0.5067264573991032
0.22803168876660518,0.3265895953757225,0.5067264573991032
0.22805620254435166,0.32753623188405795,0.5067264573991032
0.2288883176062208,0.32848837209302323,0.5067264573991032
0.23032781465294047,0.3294460641399417,0.5067264573991032
0.23066091767264282,0.3304093567251462,0.5067264573991032
0.23097055246517437,0.3284457478005865,0.5022421524663677
0.23180684843607371,0.32941176470588235,0.5022421524663677
0.2318761901183367,0.3274336283185841,0.4977578475336323
0.2323662937936545,0.32840236686390534,0.4977578475336323
0.23270284881128955,0.3293768545994065,0.4977578475336323
0.23274536106880023,0.33035714285714285,0.4977578475336323
0.23343561739270924,0.33134328358208953,0.4977578475336323
0.23441445858526372,0.3323353293413174,0.4977578475336323
0.23568797342209927,0.3333333333333333,0.4977578475336323
0.23588580790099511,0.33433734939759036,0.4977578475336323
0.23843234238051905,0.33534743202416917,0.4977578475336323
0.23851399289294756,0.33636363636363636,0.4977578475336323
0.23863547913450647,0.3373860182370821,0.4977578475336323
0.23902154718617422,0.3384146341463415,0.4977578475336323
0.23939754957371626,0.3394495412844037,0.4977578475336323
0.2398023493550708,0.34049079754601225,0.4977578475336323
0.24071783150747225,0.3415384615384615,0.4977578475336323
0.24084977289941883,0.3425925925925926,0.4977578475336323
0.24096875557733546,0.34365325077399383,0.4977578475336323
0.24101107811168299,0.3447204968944099,0.4977578475336323
0.24239584568430084,0.34579439252336447,0.4977578475336323
0.24442730997378848,0.346875,0.4977578475336323
0.2447594618465077,0.34796238244514105,0.4977578475336323
0.24513444367283624,0.3490566037735849,0.4977578475336323
0.24515718921658505,0.3501577287066246,0.4977578475336323
0.24542595474154003,0.3512658227848101,0.4977578475336323
0.24650507916660894,0.3492063492063492,0.49327354260089684
0.24665276534701938,0.3503184713375796,0.49327354260089684
0.24852845871811033,0.3514376996805112,0.49327354260089684
0.24866657985795793,0.3525641025641026,0.49327354260089684
0.2489414878050588,0.3536977491961415,0.49327354260089684
0.2490392780404434,0.3548387096774194,0.49327354260089684
0.24951946544713743,0.3559870550161812,0.49327354260089684
0.2503417072677305,0.3538961038961039,0.48878923766816146
0.25055973383593194,0.3550488599348534,0.48878923766816146
0.25083620142628804,0.3562091503267974,0.48878923766816146
0.2517749305563663,0.35737704918032787,0.48878923766816146
0.2522403048534237,0.35526315789473684,0.484304932735426
0.25266440578365756,0.3564356435643564,0.484304932735426
0.2526774090842543,0.3576158940397351,0.484304932735426
0.25318988265381925,0.3588039867109635,0.484304932735426
0.2535540051991139,0.3566666666666667,0.4798206278026906
0.2539104483651402,0.35785953177257523,0.4798206278026906
0.25404809909919635,0.35906040268456374,0.4798206278026906
0.2544848442024073,0.3602693602693603,0.4798206278026906
0.25469382482426756,0.3614864864864865,0.4798206278026906
0.2560085081418192,0.36271186440677966,0.4798206278026906
0.256948202227059,0.36054421768707484,0.47533632286995514
0.2587835519284447,0.36177474402730375,0.47533632286995514
0.2590566433966636,0.363013698630137,0.47533632286995514
0.2600732878302736,0.3642611683848797,0.47533632286995514
0.2601710787350008,0.36551724137931035,0.47533632286995514
0.2607627130191322,0.36678200692041524,0.47533632286995514
0.2610080433994946,0.3645833333333333,0.47085201793721976
0.2614298148499278,0.36585365853658536,0.47085201793721976
0.2621148881883459,0.36713286713286714,0.47085201793721976
0.26313496930993263,0.3649122807017544,0.4663677130044843
0.26381888854954966,0.36619718309859156,0.4663677130044843
0.2651692843699138,0.3674911660777385,0.4663677130044843
0.2653777245838825,0.36879432624113473,0.4663677130044843
0.2660513450583058,0.3701067615658363,0.4663677130044843
0.26693903124995483,0.37142857142857144,0.4663677130044843
0.2680054378836452,0.36917562724014336,0.4618834080717489
0.26889207243571966,0.37050359712230213,0.4618834080717489
0.2717655859392509,0.37184115523465705,0.4618834080717489
0.27193768790858913,0.37318840579710144,0.4618834080717489
0.2719759518736723,0.37454545454545457,0.4618834080717489
0.272693818308746,0.3722627737226277,0.45739910313901344
0.27275106382418157,0.37362637362637363,0.45739910313901344
0.27390445583972156,0.375,0.45739910313901344
0.2755962324884817,0.3763837638376384,0.45739910313901344
0.27561771333223584,0.37777777777777777,0.45739910313901344
0.276189570196923,0.379182156133829,0.45739910313901344
0.27624639540604573,0.376865671641791,0.452914798206278
0.27737332369378354,0.3782771535580524,0.452914798206278
0.2786131713266662,0.37969924812030076,0.452914798206278
0.279259726528541,0.37735849056603776,0.4484304932735426
0.28042061168921106,0.3787878787878788,0.4484304932735426
0.28072352233445874,0.38022813688212925,0.4484304932735426
0.2817422541156713,0.37786259541984735,0.4439461883408072
0.2817455552070938,0.3793103448275862,0.4439461883408072
0.28235552225129085,0.38076923076923075,0.4439461883408072
0.2825437728976196,0.3783783783783784,0.43946188340807174
0.2826677859434334,0.3798449612403101,0.43946188340807174
0.2829659027279156,0.38132295719844356,0.43946188340807174
0.282975768754449,0.3828125,0.43946188340807174
0.2831124313402704,0.3803921568627451,0.4349775784753363
0.28317781891549265,0.38188976377952755,0.4349775784753363
0.2856306438409768,0.383399209486166,0.4349775784753363
0.2875353004206279,0.38492063492063494,0.4349775784753363
0.28760808420058953,0.38247011952191234,0.4304932735426009
0.28786055073728506,0.384,0.4304932735426009
0.28793350584689986,0.3815261044176707,0.4260089686098655
0.2879554182717359,0.38306451612903225,0.4260089686098655
0.2882109195589738,0.3805668016194332,0.42152466367713004
0.28878323889382046,0.3780487804878049,0.4170403587443946
0.2892679877859561,0.3795918367346939,0.4170403587443946
0.28927517303321354,0.38114754098360654,0.4170403587443946
0.2893940909487914,0.38271604938271603,0.4170403587443946
0.29156457284854154,0.384297520661157,0.4170403587443946
0.291608267729676,0.38589211618257263,0.4170403587443946
0.2934216262032265,0.3875,0.4170403587443946
0.2935374882933014,0.3891213389121339,0.4170403587443946
0.29390698813730043,0.3865546218487395,0.4125560538116592
0.293991550313242,0.3881856540084388,0.4125560538116592
0.29399670379058307,0.3898305084745763,0.4125560538116592
0.2951704788234919,0.39148936170212767,0.4125560538116592
0.2961581330436797,0.39316239316239315,0.4125560538116592
0.29642537065672364,0.3948497854077253,0.4125560538116592
0.29877744518761185,0.39655172413793105,0.4125560538116592
0.29883586638705206,0.39826839826839827,0.4125560538116592
0.29932818561159413,0.39565217391304347,0.4080717488789238
0.2996341406695566,0.39737991266375544,0.4080717488789238
0.3014944465854044,0.3991228070175439,0.4080717488789238
0.3036070508664166,0.4008810572687225,0.4080717488789238
0.30457392817771717,0.4026548672566372,0.4080717488789238
0.3050631377009314,0.40444444444444444,0.4080717488789238
0.3052499964933507,0.40625,0.4080717488789238
0.30576790440263885,0.4080717488789238,0.4080717488789238
0.30593672335135264,0.40540540540540543,0.40358744394618834
0.3075713222150427,0.4072398190045249,0.40358744394618834
0.3078646304333104,0.4090909090909091,0.40358744394618834
0.3087183194658086,0.4063926940639269,0.3991031390134529
0.31080371793966893,0.40825688073394495,0.3991031390134529
0.31123529785030213,0.41013824884792627,0.3991031390134529
0.3114126128346925,0.41203703703703703,0.3991031390134529
0.3119325309583194,0.413953488372093,0.3991031390134529
0.31324145609648724,0.4158878504672897,0.3991031390134529
0.3153682932944561,0.41784037558685444,0.3991031390134529
0.3157266126336918,0.419811320754717,0.3991031390134529
0.3174952603010725,0.41706161137440756,0.39461883408071746
0.3177220321444101,0.41904761904761906,0.39461883408071746
0.31818448168974633,0.41626794258373206,0.3901345291479821
0.3194666341994339,0.4182692307692308,0.3901345291479821
0.3200775795403033,0.41545893719806765,0.38565022421524664
0.3212550199087739,0.41262135922330095,0.3811659192825112
0.3212983810008187,0.4097560975609756,0.37668161434977576
0.3218580715800983,0.4068627450980392,0.3721973094170404
0.3221553193671871,0.4088669950738916,0.3721973094170404
0.32288292935570573,0.41089108910891087,0.3721973094170404
0.32314550765496886,0.4129353233830846,0.3721973094170404
0.3242770491933092,0.415,0.3721973094170404
0.3247247018442848,0.41708542713567837,0.3721973094170404
0.32501206812524824,0.41919191919191917,0.3721973094170404
0.3251777611790389,0.4213197969543147,0.3721973094170404
0.3286554239913613,0.42346938775510207,0.3721973094170404
0.3287003810272554,0.4256410256410256,0.3721973094170404
0.33044792340138723,0.422680412371134,0.36771300448430494
0.33240932517410404,0.41968911917098445,0.3632286995515695
0.3358141834216101,0.421875,0.3632286995515695
0.3375033694944846,0.418848167539267,0.35874439461883406
0.33770469581108004,0.42105263157894735,0.35874439461883406
0.3387453875887502,0.42328042328042326,0.35874439461883406
0.33952281821566616,0.425531914893617,0.35874439461883406
0.3395299250777098,0.42245989304812837,0.3542600896860987
0.33999577313134716,0.42473118279569894,0.3542600896860987
0.34194423894939896,0.42702702702702705,0.3542600896860987
0.3434719824893503,0.42934782608695654,0.3542600896860987
0.34377910022322716,0.43169398907103823,0.3542600896860987
0.34611248909805625,0.4340659340659341,0.3542600896860987
0.3490402981977092,0.43646408839779005,0.3542600896860987
0.3504214692304226,0.4388888888888889,0.3542600896860987
0.35066290628879226,0.43575418994413406,0.34977578475336324
0.35098060560986827,0.43258426966292135,0.3452914798206278
0.35252970916852217,0.4350282485875706,0.3452914798206278
0.353630564025875,0.4375,0.3452914798206278
0.35454905310228346,0.44,0.3452914798206278
0.35519315210234564,0.4425287356321839,0.3452914798206278
0.35551260530159734,0.4393063583815029,0.34080717488789236
0.35638302377078235,0.436046511627907,0.336322869955157
0.35754215949447876,0.43859649122807015,0.336322869955157
0.3583281650729987,0.43529411764705883,0.33183856502242154
0.3607745340548162,0.4319526627218935,0.3273542600896861
0.36259411211165077,0.43452380952380953,0.3273542600896861
0.36260360252632945,0.437125748502994,0.3273542600896861
0.36320517654599993,0.43373493975903615,0.32286995515695066
0.36340073026423986,0.43636363636363634,0.32286995515695066
0.3657503713988216,0.4329268292682927,0.3183856502242152
0.3664291512153454,0.4294478527607362,0.31390134529147984
0.366560703403276,0.42592592592592593,0.3094170403587444
0.3686766720940398,0.422360248447205,0.30493273542600896
0.36950440275124136,0.41875,0.3004484304932735
0.36962604362633555,0.42138364779874216,0.3004484304932735
0.36982528813854965,0.4177215189873418,0.29596412556053814
0.36992643239220746,0.42038216560509556,0.29596412556053814
0.3723285670646216,0.4230769230769231,0.29596412556053814
0.3725007206710534,0.4258064516129032,0.29596412556053814
0.3738448280350104,0.42207792207792205,0.2914798206278027
0.3762054450725197,0.42483660130718953,0.2914798206278027
0.37672322304971917,0.4276315789473684,0.2914798206278027
0.37762329160735875,0.4304635761589404,0.2914798206278027
0.3785039475961302,0.43333333333333335,0.2914798206278027
0.3807868909854902,0.436241610738255,0.2914798206278027
0.381155488010883,0.4391891891891892,0.2914798206278027
0.3812265362530994,0.4421768707482993,0.2914798206278027
0.38140267730571736,0.4452054794520548,0.2914798206278027
0.38223788073592196,0.4482758620689655,0.2914798206278027
0.38466865523279603,0.4444444444444444,0.28699551569506726
0.3855493260023133,0.44755244755244755,0.28699551569506726
0.38657692861868,0.44366197183098594,0.2825112107623318
0.39009959265619903,0.44680851063829785,0.2825112107623318
0.39062605022012387,0.45,0.2825112107623318
0.3922586853974911,0.4460431654676259,0.27802690582959644
0.39388604795346277,0.4492753623188406,0.27802690582959644
0.39807863097035295,0.45255474452554745,0.27802690582959644
0.39844110009575395,0.45588235294117646,0.27802690582959644
0.3994484496735167,0.45925925925925926,0.27802690582959644
0.39946818504914894,0.4552238805970149,0.273542600896861
0.3996138051122862,0.45112781954887216,0.26905829596412556
0.4055359397839236,0.44696969696969696,0.2645739910313901
0.41016340443337757,0.45038167938931295,0.2645739910313901
0.41245122645044274,0.4461538461538462,0.2600896860986547
0.4134483796440922,0.4496124031007752,0.2600896860986547
0.414906544436334,0.453125,0.2600896860986547
0.41562968547651585,0.44881889763779526,0.2556053811659193
0.4165404710827009,0.4444444444444444,0.25112107623318386
0.41702772905317825,0.448,0.25112107623318386
0.4185170665017926,0.45161290322580644,0.25112107623318386
0.4191967977102296,0.45528455284552843,0.25112107623318386
0.41922835367927047,0.45901639344262296,0.25112107623318386
0.42245528422535333,0.4628099173553719,0.25112107623318386
0.4234989391555058,0.4666666666666667,0.25112107623318386
0.42383480729315604,0.47058823529411764,0.25112107623318386
0.42467954250297096,0.4745762711864407,0.25112107623318386
0.42611051154972013,0.47863247863247865,0.25112107623318386
0.42664411980500944,0.4827586206896552,0.25112107623318386
0.42786564839747865,0.4782608695652174,0.24663677130044842
0.4288937912169122,0.47368421052631576,0.242152466367713
0.4299692743574224,0.4778761061946903,0.242152466367713
0.43198971439146067,0.48214285714285715,0.242152466367713
0.432187703917883,0.4864864864864865,0.242152466367713
0.4396385234381024,0.4818181818181818,0.23766816143497757
0.43987391467978854,0.47706422018348627,0.23318385650224216
0.4411682284587812,0.48148148148148145,0.23318385650224216
0.4448307499125556,0.4766355140186916,0.22869955156950672
0.4458099898063623,0.4716981132075472,0.2242152466367713
0.44777015873612314,0.47619047619047616,0.2242152466367713
0.4490879392424645,0.47115384615384615,0.21973094170403587
0.4515524206132877,0.47572815533980584,0.21973094170403587
0.45381378666152977,0.47058823529411764,0.21524663677130046
0.45516358356593983,0.46534653465346537,0.21076233183856502
0.45631623250710646,0.47,0.21076233183856502
0.45641818636901704,0.47474747474747475,0.21076233183856502
0.4572299323380429,0.47959183673469385,0.21076233183856502
0.4578940753309906,0.4742268041237113,0.2062780269058296
0.45907993200494246,0.4791666666666667,0.2062780269058296
0.459512210906236,0.47368421052631576,0.20179372197309417
0.4612711450257498,0.4787234042553192,0.20179372197309417
0.46183642178915785,0.4731182795698925,0.19730941704035873
0.462441128901227,0.4782608695652174,0.19730941704035873
0.4632010933015627,0.4725274725274725,0.19282511210762332
0.47330383426615763,0.4777777777777778,0.19282511210762332
0.479569893999474,0.47191011235955055,0.18834080717488788
0.4802925668139303,0.4659090909090909,0.18385650224215247
0.4805367650953523,0.45977011494252873,0.17937219730941703
0.48066921904272425,0.46511627906976744,0.17937219730941703
0.4822859716393621,0.47058823529411764,0.17937219730941703
0.4846357228959695,0.4642857142857143,0.17488789237668162
0.4852431208897004,0.4578313253012048,0.17040358744394618
0.48648887817983305,0.45121951219512196,0.16591928251121077
0.4892403926249142,0.4567901234567901,0.16591928251121077
0.48977126953887296,0.4625,0.16591928251121077
0.49015194276113855,0.46835443037974683,0.16591928251121077
0.4954026634856992,0.47435897435897434,0.16591928251121077
0.49621584897367677,0.4805194805194805,0.16591928251121077
0.49683926189266586,0.4868421052631579,0.16591928251121077
0.49856797852037177,0.49333333333333335,0.16591928251121077
0.5003763744240523,0.5,0.16591928251121077
0.5061456245858857,0.4931506849315068,0.16143497757847533
0.5067879228709029,0.5,0.16143497757847533
0.5078820546702617,0.5070422535211268,0.16143497757847533
0.5119483224177467,0.5,0.15695067264573992
0.5139484444809075,0.5072463768115942,0.15695067264573992
0.5185810531080867,0.5,0.15246636771300448
0.5195325389688581,0.4925373134328358,0.14798206278026907
0.5212863655575358,0.48484848484848486,0.14349775784753363
0.521921696100381,0.49230769230769234,0.14349775784753363
0.5236711105485212,0.5,0.14349775784753363
0.5243029950097662,0.49206349206349204,0.13901345291479822
0.5249256569679023,0.4838709677419355,0.13452914798206278
0.5329544618851739,0.4918032786885246,0.13452914798206278
0.5347616633932899,0.5,0.13452914798206278
0.5360507294433516,0.4915254237288136,0.13004484304932734
0.5375420653593848,0.5,0.13004484304932734
0.5379203919097951,0.5087719298245614,0.13004484304932734
0.5383396492819104,0.5,0.12556053811659193
0.5385336995915125,0.509090909090909,0.12556053811659193
0.5392483623709731,0.5185185185185185,0.12556053811659193
0.5438260832918674,0.5283018867924528,0.12556053811659193
0.545835709501975,0.5192307692307693,0.1210762331838565
0.5476424603539691,0.5098039215686274,0.11659192825112108
0.5514672278016033,0.52,0.11659192825112108
0.5539325498060647,0.5306122448979592,0.11659192825112108
0.5540669674034544,0.5416666666666666,0.11659192825112108
0.5593431081747728,0.5319148936170213,0.11210762331838565
0.5660883003696758,0.5217391304347826,0.10762331838565023
0.5682507978828643,0.5333333333333333,0.10762331838565023
0.5687331866011255,0.5454545454545454,0.10762331838565023
0.5693591070018603,0.5348837209302325,0.1031390134529148
0.5708284316633402,0.5238095238095238,0.09865470852017937
0.5736341662739117,0.5365853658536586,0.09865470852017937
0.5800860484393225,0.55,0.09865470852017937
0.5848625360091455,0.5641025641025641,0.09865470852017937
0.5903828626640782,0.5526315789473685,0.09417040358744394
0.5904614200078369,0.5675675675675675,0.09417040358744394
0.5913135372088254,0.5555555555555556,0.08968609865470852
0.592366862849936,0.5714285714285714,0.08968609865470852
0.5956495803839768,0.5588235294117647,0.08520179372197309
0.599224596720027,0.5757575757575758,0.08520179372197309
0.6055586858135366,0.59375,0.08520179372197309
0.6065493246699599,0.5806451612903226,0.08071748878923767
0.618277042999749,0.5666666666666667,0.07623318385650224
0.6200082463048803,0.5517241379310345,0.07174887892376682
0.6211678165122158,0.5714285714285714,0.07174887892376682
0.6246751471500809,0.5555555555555556,0.06726457399103139
0.6289695122856895,0.5769230769230769,0.06726457399103139
0.6316153051853559,0.6,0.06726457399103139
0.6372636382172252,0.625,0.06726457399103139
0.6439497824356955,0.6086956521739131,0.06278026905829596
0.6489716120713097,0.6363636363636364,0.06278026905829596
0.6670023293388365,0.6190476190476191,0.05829596412556054
0.6696424266818259,0.65,0.05829596412556054
0.673554042591113,0.631578947368421,0.053811659192825115
0.6818786307279113,0.6666666666666666,0.053811659192825115
0.6833527744896322,0.7058823529411765,0.053811659192825115
0.6845394711754296,0.6875,0.04932735426008968
0.700208689553537,0.6666666666666666,0.04484304932735426
0.714683014868078,0.7142857142857143,0.04484304932735426
0.7164368431240652,0.6923076923076923,0.04035874439461883
0.7225395311492022,0.6666666666666666,0.03587443946188341
0.7285471494566073,0.7272727272727273,0.03587443946188341
0.7324396818142375,0.7,0.03139013452914798
0.7332343244863404,0.7777777777777778,0.03139013452914798
0.7764312350340691,0.75,0.026905829596412557
0.783095967891709,0.8571428571428571,0.026905829596412557
0.7854689401882691,0.8333333333333334,0.02242152466367713
0.7910799703568896,0.8,0.017937219730941704
0.7982586794408026,0.75,0.013452914798206279
0.8104527688849061,1.0,0.013452914798206279
0.8434379520909231,1.0,0.008968609865470852
0.8869236225775092,1.0,0.004484304932735426
1.0,1.0,0.0
